ts	phase	decision	why	evidence	result
2026-09-12T18:51:12Z	frame	Use the complete v0.4 mock-first scope	User explicitly confirmed the spec document is the implementation contract	Samby-v0.4-product-requirements.md	open
2026-09-12T18:56:55Z	architecture	Choose browser business state and durable SQLite analytical service	Both designs and the independent judge agree on the spec persistence boundary; local PostgreSQL is unavailable	implementation/architecture-verdict.md	design selected
2026-09-12	integration	Retain unknown values and reject ambiguous monetary bases	The source audit reproduced misleading quantity totals and mixed amount definitions	samby-frontend/src/domain/selectors.test.ts	covered by literal arithmetic tests
2026-09-12	verification	Test the actual browser and server together	Build success alone cannot establish persistence and workflow behavior	implementation/evidence-analysis/results.json	all focused questions and exploratory run passed
2026-09-12	handoff	Complete v0.4 local prototype with verified boundaries	117 requirements mapped and all required checks pass	implementation/verification.md	137 tests passed plus live analytical browser outcomes
2026-09-12	completion	Replace browser-only current records with private revision-checked server workspaces	User requested actual complete frontend and backend implementation	implementation/platform-contract.md	implemented and tested
2026-09-12	models	Execute both advanced engines with separate chronological evaluation	Demo fixtures do not validate supplied business data	implementation/analytical-contract-v2.md	actual installed LightGBM and CatBoost tested
2026-09-12	semantics	Preserve incomplete financial records and separate actual historical payment stages	Unknown amounts and cumulative paid balances cannot invent cash or historical dates	samby-frontend/src/domain/finance-history.test.ts	literal arithmetic and desktop/mobile verified
2026-09-12	recovery	Do not reconnect a ready conflicted draft against a refreshed revision	Account restoration must not silently rebase unpublished changes	samby-frontend/src/lib/workspace-sync.test.ts	conflict preserved with no extra request
2026-09-12	verification	Verify usable workflows instead of counting requirement identifiers	The initial completion claim was too broad	implementation/completion-verification.md	103 frontend,120 backend,40 browser checks;20 analytical outcomes
